latitude,longitude,elevation,utc_offset_seconds,timezone,timezone_abbreviation
47.627415,-122.32291,59,-25200,America/Los_Angeles,GMT-7
,,,,,
time,temperature_2m_min (°C),temperature_2m_max (°C),,,
2021-01-01,6.9,10.6,,,
2021-01-02,7.1,9.4,,,
2021-01-03,3.8,9.1,,,
2021-01-04,6.4,8.4,,,
2021-01-05,5.8,8.1,,,
2021-01-06,4.4,9.3,,,
2021-01-07,4.9,8.4,,,
2021-01-08,5.7,9.4,,,
2021-01-09,0,8.2,,,
2021-01-10,4.9,8.9,,,
2021-01-11,5.6,7.9,,,
2021-01-12,7.1,13,,,
2021-01-13,5.1,13,,,
2021-01-14,3,10.3,,,
2021-01-15,5.5,10.4,,,
2021-01-16,3.5,7.6,,,
2021-01-17,6.2,10.1,,,
2021-01-18,3.9,8.2,,,
2021-01-19,2.1,8.5,,,
2021-01-20,2.4,7.7,,,
2021-01-21,4.7,7.1,,,
2021-01-22,1.6,6.3,,,
2021-01-23,0.1,4.8,,,
2021-01-24,2.6,4.2,,,
2021-01-25,2.7,5.7,,,
2021-01-26,0.2,5.7,,,
2021-01-27,1.8,6.1,,,
2021-01-28,2.2,6.8,,,
2021-01-29,3.2,7.4,,,
2021-01-30,4.2,8.3,,,
2021-01-31,6,8.6,,,
2021-02-01,5.8,9.2,,,
2021-02-02,4.4,8,,,
2021-02-03,3.8,8.4,,,
2021-02-04,5,8.4,,,
2021-02-05,6.9,11.4,,,
2021-02-06,6,9.8,,,
2021-02-07,3.1,9.3,,,
2021-02-08,1.4,5.3,,,
2021-02-09,1.2,5.6,,,
2021-02-10,-0.4,5.3,,,
2021-02-11,-1,2.5,,,
2021-02-12,-2.5,1.6,,,
2021-02-13,-3,0.1,,,
2021-02-14,-0.9,1.8,,,
2021-02-15,1.4,6.7,,,
2021-02-16,2.8,8.3,,,
2021-02-17,1.8,7.4,,,
2021-02-18,1.8,6.5,,,
2021-02-19,5.2,7.8,,,
2021-02-20,4,9.6,,,
2021-02-21,6.3,10.1,,,
2021-02-22,5.2,10.6,,,
2021-02-23,2,7.8,,,
2021-02-24,1.5,6.9,,,
2021-02-25,3,7.9,,,
2021-02-26,2.7,9.1,,,
2021-02-27,0.6,8.6,,,
2021-02-28,5.2,9.9,,,
2021-03-01,4.7,12.8,,,
2021-03-02,3.5,7.9,,,
2021-03-03,1.6,11.6,,,
2021-03-04,2,12.2,,,
2021-03-05,5.4,10.1,,,
2021-03-06,5.4,9.7,,,
2021-03-07,4.1,8,,,
2021-03-08,0.4,12.4,,,
2021-03-09,1.1,10.4,,,
2021-03-10,1.6,9.9,,,
2021-03-11,2.8,10.8,,,
2021-03-12,0.4,12.1,,,
2021-03-13,0.6,13.8,,,
2021-03-14,3,8.9,,,
2021-03-15,2.5,7.5,,,
2021-03-16,-0.2,9.4,,,
2021-03-17,2,12.1,,,
2021-03-18,1.8,11.2,,,
2021-03-19,5.3,11.7,,,
2021-03-20,5.8,10.1,,,
2021-03-21,4.8,7.2,,,
2021-03-22,4.3,9.1,,,
2021-03-23,4.2,10.8,,,
2021-03-24,4.6,8.7,,,
2021-03-25,5,10.6,,,
2021-03-26,3.3,11.4,,,
2021-03-27,5.7,11.5,,,
2021-03-28,4.3,7.4,,,
2021-03-29,2.2,8.9,,,
2021-03-30,1.6,10.9,,,
2021-03-31,1.5,13.1,,,
2021-04-01,3.7,12.1,,,
2021-04-02,3.9,13.2,,,
2021-04-03,3.2,14.8,,,
2021-04-04,3.7,8.1,,,
2021-04-05,1.8,11.4,,,
2021-04-06,2.3,13.5,,,
2021-04-07,3.2,8.7,,,
2021-04-08,3.8,11.8,,,
2021-04-09,2.7,8.9,,,
2021-04-10,3.5,9,,,
2021-04-11,0.9,9.8,,,
2021-04-12,2.7,12.6,,,
2021-04-13,3.8,15.1,,,
2021-04-14,5.8,16,,,
2021-04-15,4,19.6,,,
2021-04-16,5.2,21.6,,,
2021-04-17,5.3,22.5,,,
2021-04-18,6.7,23.5,,,
2021-04-19,7.5,20.9,,,
2021-04-20,6.4,19.5,,,
2021-04-21,6.4,19.4,,,
2021-04-22,8.1,15.4,,,
2021-04-23,7.6,16.5,,,
2021-04-24,8.1,9.8,,,
2021-04-25,8.1,13.9,,,
2021-04-26,7.2,14.4,,,
2021-04-27,7.6,15.9,,,
2021-04-28,7.2,16.5,,,
2021-04-29,8.6,22.2,,,
2021-04-30,10.8,17.1,,,
2021-05-01,9.8,14.7,,,
2021-05-02,8.1,14.9,,,
2021-05-03,6.6,12.2,,,
2021-05-04,9.1,15.6,,,
2021-05-05,7.2,18.8,,,
2021-05-06,8.9,18,,,
2021-05-07,7.9,11.4,,,
2021-05-08,6.2,13.2,,,
2021-05-09,9.3,15.4,,,
2021-05-10,6.3,16.8,,,
2021-05-11,7.3,18.1,,,
2021-05-12,10.9,18,,,
2021-05-13,9.6,19.6,,,
2021-05-14,8.2,20.4,,,
2021-05-15,8.9,20.2,,,
2021-05-16,9.3,22.8,,,
2021-05-17,10.7,18.3,,,
2021-05-18,8,14.6,,,
2021-05-19,8.1,13.7,,,
2021-05-20,7.3,15.6,,,
2021-05-21,7.9,17,,,
2021-05-22,8.8,18.4,,,
2021-05-23,11.5,16.5,,,
2021-05-24,10.5,15.8,,,
2021-05-25,11.2,18.7,,,
2021-05-26,10.2,17.6,,,
2021-05-27,10.4,15.1,,,
2021-05-28,9.2,17.4,,,
2021-05-29,8.1,19,,,
2021-05-30,8.8,19.5,,,
2021-05-31,10.4,23.5,,,
2021-06-01,12.8,26.5,,,
2021-06-02,14.4,27.6,,,
2021-06-03,14.4,23.7,,,
2021-06-04,12.6,22.2,,,
2021-06-05,11.3,16.8,,,
2021-06-06,9.2,12.8,,,
2021-06-07,8.4,15.6,,,
2021-06-08,8.4,17.4,,,
2021-06-09,9.8,18.2,,,
2021-06-10,10.8,18.2,,,
2021-06-11,12.8,15.9,,,
2021-06-12,12.6,21.8,,,
2021-06-13,14.8,18.4,,,
2021-06-14,14.3,17.9,,,
2021-06-15,12.5,19,,,
2021-06-16,11.8,20,,,
2021-06-17,9.9,23.5,,,
2021-06-18,11.8,20,,,
2021-06-19,11.4,22.2,,,
2021-06-20,13.9,24.8,,,
2021-06-21,13.9,27.9,,,
2021-06-22,15.7,25.8,,,
2021-06-23,14.2,23.4,,,
2021-06-24,14.4,25.6,,,
2021-06-25,16.3,28.9,,,
2021-06-26,18,34.6,,,
2021-06-27,20,34.3,,,
2021-06-28,21,37.9,,,
2021-06-29,18.4,32.7,,,
2021-06-30,16.5,27.9,,,
2021-07-01,17.5,23.5,,,
2021-07-02,17.6,24.5,,,
2021-07-03,15.6,27.1,,,
2021-07-04,16.3,27,,,
2021-07-05,14.9,24.9,,,
2021-07-06,15.9,26.7,,,
2021-07-07,14.9,23,,,
2021-07-08,13.6,22.1,,,
2021-07-09,15.2,24.9,,,
2021-07-10,15.4,24.6,,,
2021-07-11,14.1,24.5,,,
2021-07-12,14.1,25.9,,,
2021-07-13,15.8,26.9,,,
2021-07-14,14.9,24.5,,,
2021-07-15,13.9,21,,,
2021-07-16,14.7,22,,,
2021-07-17,14.6,24,,,
2021-07-18,15.1,24.5,,,
2021-07-19,13.8,26.8,,,
2021-07-20,15.9,22.5,,,
2021-07-21,15.2,22.2,,,
2021-07-22,14.8,23,,,
2021-07-23,13.1,25,,,
2021-07-24,15.2,25.8,,,
2021-07-25,15.5,26.2,,,
2021-07-26,15.4,25.9,,,
2021-07-27,15.6,26.6,,,
2021-07-28,15.7,28.5,,,
2021-07-29,14.9,28.5,,,
2021-07-30,15.6,28.7,,,
2021-07-31,18.8,25.1,,,
2021-08-01,18.5,28,,,
2021-08-02,15.9,26.9,,,
2021-08-03,16,26.6,,,
2021-08-04,16.4,27.7,,,
2021-08-05,16.6,29.1,,,
2021-08-06,17.9,22.5,,,
2021-08-07,15.6,22.9,,,
2021-08-08,13.4,23,,,
2021-08-09,14.9,23.5,,,
2021-08-10,15.6,27,,,
2021-08-11,16.8,29.6,,,
2021-08-12,18,31.2,,,
2021-08-13,19.7,33.2,,,
2021-08-14,18.5,28.9,,,
2021-08-15,17.7,27.4,,,
2021-08-16,15.6,26.6,,,
2021-08-17,13.7,20.4,,,
2021-08-18,14.1,23.5,,,
2021-08-19,16.1,24.4,,,
2021-08-20,15.4,20.5,,,
2021-08-21,14.1,21,,,
2021-08-22,14.8,19,,,
2021-08-23,12.6,20.5,,,
2021-08-24,12.5,23.4,,,
2021-08-25,12.6,26.6,,,
2021-08-26,15.1,20.5,,,
2021-08-27,14.1,19.1,,,
2021-08-28,12.2,23,,,
2021-08-29,13.1,23.5,,,
2021-08-30,12.2,17.5,,,
2021-08-31,12.1,18,,,
2021-09-01,9,19.9,,,
2021-09-02,10.4,23.1,,,
2021-09-03,12.7,24.1,,,
2021-09-04,12.1,26.8,,,
2021-09-05,15.4,24.8,,,
2021-09-06,15.4,22,,,
2021-09-07,12.8,23.4,,,
2021-09-08,16.3,26.7,,,
2021-09-09,14.4,26.6,,,
2021-09-10,15.8,22.9,,,
2021-09-11,14.1,21.5,,,
2021-09-12,14.2,18,,,
2021-09-13,11.8,18.9,,,
2021-09-14,10.9,19.9,,,
2021-09-15,12.1,16.3,,,
2021-09-16,8.6,18,,,
2021-09-17,12.3,17.4,,,
2021-09-18,12.7,16.3,,,
2021-09-19,12.1,17.6,,,
2021-09-20,11.7,18.6,,,
2021-09-21,11.1,20.7,,,
2021-09-22,12.1,18.5,,,
2021-09-23,12.9,18.5,,,
2021-09-24,11.9,19.5,,,
2021-09-25,10.9,24.4,,,
2021-09-26,13.1,17.5,,,
2021-09-27,11.9,16.8,,,
2021-09-28,11.6,16.4,,,
2021-09-29,11.5,15.8,,,
2021-09-30,10.9,15.2,,,
2021-10-01,9.7,15.8,,,
2021-10-02,9.4,17.7,,,
2021-10-03,11.3,14.4,,,
2021-10-04,10.6,14.9,,,
2021-10-05,10.4,13.6,,,
2021-10-06,9.8,13.7,,,
2021-10-07,7.3,13.2,,,
2021-10-08,6.2,13.9,,,
2021-10-09,7.3,13.1,,,
2021-10-10,6.5,12.2,,,
2021-10-11,6.7,11.6,,,
2021-10-12,4.3,10.9,,,
2021-10-13,6.8,11.4,,,
2021-10-14,8.6,14.1,,,
2021-10-15,11.1,14.2,,,
2021-10-16,11.9,18.7,,,
2021-10-17,10.1,13.9,,,
2021-10-18,8.4,12.6,,,
2021-10-19,6.2,15.4,,,
2021-10-20,10.2,15.1,,,
2021-10-21,10.1,19.1,,,
2021-10-22,9.8,12.8,,,
2021-10-23,9.4,13.2,,,
2021-10-24,8.4,13.3,,,
2021-10-25,10.1,13.9,,,
2021-10-26,9.6,12.7,,,
2021-10-27,9.4,12.2,,,
2021-10-28,9.4,15.2,,,
2021-10-29,7.3,10.9,,,
2021-10-30,6,10.9,,,
2021-10-31,2.7,13.1,,,
2021-11-01,3.3,12.5,,,
2021-11-02,6.1,10.2,,,
2021-11-03,7.9,11.9,,,
2021-11-04,9.2,14.3,,,
2021-11-05,5.3,10.9,,,
2021-11-06,5.2,8.9,,,
2021-11-07,6,9.2,,,
2021-11-08,5.7,12.2,,,
2021-11-09,7,12.4,,,
2021-11-10,6.2,11.4,,,
2021-11-11,7.7,12.1,,,
2021-11-12,9.2,14.4,,,
2021-11-13,8.1,11.3,,,
2021-11-14,12.6,14.6,,,
2021-11-15,6.4,15.1,,,
2021-11-16,3,9.6,,,
2021-11-17,0.4,8.6,,,
2021-11-18,5.6,8.4,,,
2021-11-19,6.1,8.8,,,
2021-11-20,4.8,8.8,,,
2021-11-21,2.2,7.2,,,
2021-11-22,3,7.7,,,
2021-11-23,4.9,9,,,
2021-11-24,4.4,7.9,,,
2021-11-25,6.2,10.8,,,
2021-11-26,8.2,11,,,
2021-11-27,8.1,13.4,,,
2021-11-28,11.8,13.9,,,
2021-11-29,11.1,13.7,,,
2021-11-30,11,12.1,,,
2021-12-01,11.8,13.1,,,
2021-12-02,7.2,11.3,,,
2021-12-03,4.2,7.4,,,
2021-12-04,4.3,6.4,,,
2021-12-05,2.8,6.2,,,
2021-12-06,3,7.3,,,
2021-12-07,6.1,9.1,,,
2021-12-08,4.2,9.3,,,
2021-12-09,2.2,6.4,,,
2021-12-10,3.5,7.1,,,
2021-12-11,4.8,8.5,,,
2021-12-12,2.4,6.1,,,
2021-12-13,1.5,6.2,,,
2021-12-14,2.5,5.3,,,
2021-12-15,3.2,6.2,,,
2021-12-16,3.8,6.4,,,
2021-12-17,1.9,6.3,,,
2021-12-18,3.3,9.1,,,
2021-12-19,4.2,7.1,,,
2021-12-20,2.6,4.3,,,
2021-12-21,1,5.8,,,
2021-12-22,6.4,9.7,,,
2021-12-23,4.1,8.5,,,
2021-12-24,2.1,4.8,,,
2021-12-25,0.7,3.5,,,
2021-12-26,-4.7,0.6,,,
2021-12-27,-5.7,-3.1,,,
2021-12-28,-3.5,-0.6,,,
2021-12-29,-4.1,-0.3,,,
2021-12-30,-2.5,2,,,
2021-12-31,-6,1.2,,,
2022-01-01,-7.9,1.7,,,
2022-01-02,-1.2,4.3,,,
2022-01-03,1.2,3.8,,,
2022-01-04,1.3,5.3,,,
2022-01-05,1.3,4.3,,,
2022-01-06,1.6,9.4,,,
2022-01-07,3.7,8.7,,,
2022-01-08,0.6,6.9,,,
2022-01-09,-0.8,8.8,,,
2022-01-10,0.8,6.4,,,
2022-01-11,6,10.6,,,
2022-01-12,6.8,12.9,,,
2022-01-13,4.8,12.2,,,
2022-01-14,3.2,9.1,,,
2022-01-15,3.3,7.8,,,
2022-01-16,2.8,6.9,,,
2022-01-17,1.5,9.6,,,
2022-01-18,7.2,8.9,,,
2022-01-19,4.2,10.1,,,
2022-01-20,6.1,11.8,,,
2022-01-21,3.3,8.4,,,
2022-01-22,3,7.6,,,
2022-01-23,0.8,7.7,,,
2022-01-24,-0.7,7.1,,,
2022-01-25,-1.9,7.1,,,
2022-01-26,-1.1,7.4,,,
2022-01-27,-1.4,9.9,,,
2022-01-28,-1.4,8.6,,,
2022-01-29,-1.6,7.7,,,
2022-01-30,4.4,10.6,,,
2022-01-31,1.5,7.1,,,
2022-02-01,1.8,5.9,,,
2022-02-02,0.8,5.6,,,
2022-02-03,5.2,8,,,
2022-02-04,4.6,8.9,,,
2022-02-05,2.8,8.6,,,
2022-02-06,0.8,8.6,,,
2022-02-07,4.8,10.8,,,
2022-02-08,4.2,8.1,,,
2022-02-09,3.5,9.9,,,
2022-02-10,3,9.2,,,
2022-02-11,4.2,9.1,,,
2022-02-12,2.5,10.4,,,
2022-02-13,-0.6,12.1,,,
2022-02-14,3.6,8.4,,,
2022-02-15,4.8,8.7,,,
2022-02-16,5.1,9.2,,,
2022-02-17,3.7,9.1,,,
2022-02-18,3.8,9.2,,,
2022-02-19,4.1,8.1,,,
2022-02-20,2.3,7.2,,,
2022-02-21,1.6,6.2,,,
2022-02-22,-2.2,3.8,,,
2022-02-23,-4.9,2.2,,,
2022-02-24,-2.3,4.6,,,
2022-02-25,-3.1,7.2,,,
2022-02-26,-2.2,8.4,,,
2022-02-27,4.4,9.4,,,
2022-02-28,7.8,11.6,,,
2022-03-01,8.5,13.5,,,
2022-03-02,7.2,10.9,,,
2022-03-03,4,9.4,,,
2022-03-04,2.2,8.9,,,
2022-03-05,2,9.6,,,
2022-03-06,0.3,10.4,,,
2022-03-07,0.8,8.8,,,
2022-03-08,3.2,8.9,,,
2022-03-09,0.5,8.2,,,
2022-03-10,-1.9,7.7,,,
2022-03-11,1.9,9.1,,,
2022-03-12,4.2,12.4,,,
2022-03-13,4.5,11.6,,,
2022-03-14,6.8,8.9,,,
2022-03-15,5.9,10.4,,,
2022-03-16,4.8,11,,,
2022-03-17,4.3,10.1,,,
2022-03-18,6.6,10.9,,,
2022-03-19,3.6,8.9,,,
2022-03-20,3.3,8.7,,,
2022-03-21,5.9,8.6,,,
2022-03-22,7.6,16.2,,,
2022-03-23,6.4,12.8,,,
2022-03-24,4.8,10.9,,,
2022-03-25,5.1,14.8,,,
2022-03-26,6.3,13.8,,,
2022-03-27,7.8,14.3,,,
2022-03-28,6.8,11.9,,,
2022-03-29,5.6,13.8,,,
2022-03-30,5.8,10.6,,,
2022-03-31,4.1,10.9,,,
2022-04-01,5,10.9,,,
2022-04-02,5.9,13.3,,,
2022-04-03,6.5,11.6,,,
2022-04-04,5.2,9.9,,,
2022-04-05,4.8,11.3,,,
2022-04-06,1.6,13.1,,,
2022-04-07,5.2,19.9,,,
2022-04-08,5.4,12.6,,,
2022-04-09,3.1,8.2,,,
2022-04-10,3.2,6.4,,,
2022-04-11,2.5,10.7,,,
2022-04-12,3,8.2,,,
2022-04-13,1,7,,,
2022-04-14,0.6,7.7,,,
2022-04-15,1.8,10.2,,,
2022-04-16,2.2,9.6,,,
2022-04-17,2.8,12.6,,,
2022-04-18,5.5,10.8,,,
2022-04-19,4.2,11.3,,,
2022-04-20,2.3,12.3,,,
2022-04-21,4,11.9,,,
2022-04-22,4,13.8,,,
2022-04-23,5.9,14.7,,,
2022-04-24,4,18.7,,,
2022-04-25,7.9,13.9,,,
2022-04-26,5.8,11.9,,,
2022-04-27,4.6,11.4,,,
2022-04-28,4.8,12.9,,,
2022-04-29,5.9,14.7,,,
2022-04-30,8.4,15.4,,,
2022-05-01,5.6,15.9,,,
2022-05-02,8.9,11.8,,,
2022-05-03,8.1,13,,,
2022-05-04,7.1,17,,,
2022-05-05,8.4,10.3,,,
2022-05-06,6.9,11.6,,,
2022-05-07,6.7,13.1,,,
2022-05-08,5.4,11.1,,,
2022-05-09,5,11,,,
2022-05-10,5.7,14.7,,,
2022-05-11,6.1,14.2,,,
2022-05-12,5.6,10.6,,,
2022-05-13,4.9,13.1,,,
2022-05-14,8.6,16.6,,,
2022-05-15,10.6,16.2,,,
2022-05-16,8.8,15.1,,,
2022-05-17,6.5,14.9,,,
2022-05-18,8.2,14.1,,,
2022-05-19,6.6,13.2,,,
2022-05-20,5.3,14.6,,,
2022-05-21,6.1,18.1,,,
2022-05-22,7,20.4,,,
2022-05-23,11.3,17.5,,,
2022-05-24,9.6,14.4,,,
2022-05-25,11.2,20,,,
2022-05-26,8.4,18.2,,,
2022-05-27,10.9,15.6,,,
2022-05-28,8.4,12.2,,,
2022-05-29,9.9,15.2,,,
2022-05-30,8.8,14.6,,,
2022-05-31,9.1,18.6,,,
2022-06-01,10.1,19.1,,,
2022-06-02,11.4,21.1,,,
2022-06-03,13.2,17.4,,,
2022-06-04,12.6,18,,,
2022-06-05,11.7,18,,,
2022-06-06,10.1,17.1,,,
2022-06-07,9,20.6,,,
2022-06-08,12.6,20.2,,,
2022-06-09,12.1,14.6,,,
2022-06-10,13.1,19.5,,,
2022-06-11,12.2,20.3,,,
2022-06-12,11.1,14.1,,,
2022-06-13,10.5,15.9,,,
2022-06-14,9.5,16.9,,,
2022-06-15,9.6,14.7,,,
2022-06-16,10.4,19.1,,,
2022-06-17,12,14.9,,,
2022-06-18,11.8,16.8,,,
2022-06-19,10.9,17.9,,,
2022-06-20,11.9,17.6,,,
2022-06-21,11.6,22.1,,,
2022-06-22,13.2,17.1,,,
2022-06-23,12.1,19,,,
2022-06-24,10.4,22.1,,,
2022-06-25,12.8,24.9,,,
2022-06-26,14.3,26.2,,,
2022-06-27,14.1,31.5,,,
2022-06-28,13.4,18,,,
2022-06-29,13.4,19,,,
2022-06-30,12.7,21.6,,,
2022-07-01,12.1,22.9,,,
2022-07-02,13.2,19.5,,,
2022-07-03,13.6,16.9,,,
2022-07-04,12.6,19.9,,,
2022-07-05,12.2,21.4,,,
2022-07-06,14.9,22.5,,,
2022-07-07,15.2,21.6,,,
2022-07-08,14.8,22.9,,,
2022-07-09,12.6,23.1,,,
2022-07-10,15.1,21.6,,,
2022-07-11,14.8,25.2,,,
2022-07-12,14.1,24.6,,,
2022-07-13,13.6,22.2,,,
2022-07-14,11.9,23.8,,,
2022-07-15,13.6,25,,,
2022-07-16,15.6,21.2,,,
2022-07-17,14.2,19.1,,,
2022-07-18,13.1,21.9,,,
2022-07-19,13.1,24.5,,,
2022-07-20,13.7,25.6,,,
2022-07-21,15.1,26.4,,,
2022-07-22,14.1,23.5,,,
2022-07-23,14.1,21.4,,,
2022-07-24,14.3,24.8,,,
2022-07-25,15.4,27,,,
2022-07-26,16.2,30.2,,,
2022-07-27,18.2,29.8,,,
2022-07-28,17.9,28.9,,,
2022-07-29,17.4,29.8,,,
2022-07-30,16.9,30.5,,,
2022-07-31,17,31,,,
2022-08-01,17.5,28.7,,,
2022-08-02,15.4,23.5,,,
2022-08-03,14.8,25,,,
2022-08-04,15.6,20.1,,,
2022-08-05,13.2,21.9,,,
2022-08-06,12.7,25.4,,,
2022-08-07,13.9,27,,,
2022-08-08,15,27.9,,,
2022-08-09,15.6,26.5,,,
2022-08-10,16.4,21.9,,,
2022-08-11,14.1,24.8,,,
2022-08-12,15,26.5,,,
2022-08-13,15.2,23.6,,,
2022-08-14,13.8,25,,,
2022-08-15,14.6,25.9,,,
2022-08-16,17.1,25.6,,,
2022-08-17,16.6,27.5,,,
2022-08-18,18,31.1,,,
2022-08-19,19.5,27.8,,,
2022-08-20,17.7,25.3,,,
2022-08-21,17,25.9,,,
2022-08-22,16.5,27.4,,,
2022-08-23,14.8,24.9,,,
2022-08-24,15.1,27.4,,,
2022-08-25,16.5,29.4,,,
2022-08-26,16.5,23,,,
2022-08-27,14.4,21.6,,,
2022-08-28,13.2,23.5,,,
2022-08-29,13.4,25.4,,,
2022-08-30,15.3,27.4,,,
2022-08-31,16.9,30.8,,,
2022-09-01,15.8,24.5,,,
2022-09-02,15.1,24.8,,,
2022-09-03,16.1,23.4,,,
2022-09-04,15.1,24.8,,,
2022-09-05,15,21.7,,,
2022-09-06,13.1,23.2,,,
2022-09-07,13.9,23.4,,,
2022-09-08,12.1,20.1,,,
2022-09-09,13.6,23.6,,,
2022-09-10,14.4,29.5,,,
2022-09-11,16.8,25.8,,,
2022-09-12,15.6,23.2,,,
2022-09-13,15.5,20.9,,,
2022-09-14,13.5,21.8,,,
2022-09-15,14.9,18.5,,,
2022-09-16,13.8,19,,,
2022-09-17,12.2,17.6,,,
2022-09-18,12.8,20.5,,,
2022-09-19,9.2,21.6,,,
2022-09-20,12.7,22.8,,,
2022-09-21,9.2,23.6,,,
2022-09-22,13,22.2,,,
2022-09-23,13.8,20.7,,,
2022-09-24,13.8,20.4,,,
2022-09-25,12.2,22.8,,,
2022-09-26,11.3,25.4,,,
2022-09-27,11.8,26.2,,,
2022-09-28,13.5,19,,,
2022-09-29,13.1,20,,,
2022-09-30,12.5,18.8,,,
2022-10-01,11.9,20.9,,,
2022-10-02,12.5,23,,,
2022-10-03,11.4,22.4,,,
2022-10-04,12.9,20,,,
2022-10-05,12.4,19.5,,,
2022-10-06,12.1,19.1,,,
2022-10-07,11.6,21,,,
2022-10-08,10.8,20.7,,,
2022-10-09,11.6,19.3,,,
2022-10-10,11.3,19.6,,,
2022-10-11,11.3,18.1,,,
2022-10-12,10.4,17.4,,,
2022-10-13,9.1,21,,,
2022-10-14,8.6,20.6,,,
2022-10-15,11.6,22.8,,,
2022-10-16,11.4,27.6,,,
2022-10-17,11.4,20,,,
2022-10-18,10.2,17.8,,,
2022-10-19,9.4,16.7,,,
2022-10-20,9.9,16.2,,,
2022-10-21,9.1,12.9,,,
2022-10-22,8,11.4,,,
2022-10-23,6.7,12.1,,,
2022-10-24,8.7,14.2,,,
2022-10-25,8.3,11.8,,,
2022-10-26,7.4,12.1,,,
2022-10-27,10.4,15.6,,,
2022-10-28,9.1,14.2,,,
2022-10-29,7.1,14.6,,,
2022-10-30,10.1,12.1,,,
2022-10-31,8.8,13.2,,,
2022-11-01,6.1,9.3,,,
2022-11-02,4.6,8.4,,,
2022-11-03,3.8,7.8,,,
2022-11-04,6.9,13.7,,,
2022-11-05,5.4,10.6,,,
2022-11-06,4.7,8,,,
2022-11-07,3.6,8.1,,,
2022-11-08,3.6,6.2,,,
2022-11-09,2.2,7.1,,,
2022-11-10,3.5,8.1,,,
2022-11-11,2.3,7.8,,,
2022-11-12,-0.4,8.6,,,
2022-11-13,1,7.9,,,
2022-11-14,3.5,9.6,,,
2022-11-15,1.8,10.1,,,
2022-11-16,-0.3,9.6,,,
2022-11-17,0.4,10.4,,,
2022-11-18,-1.7,7.6,,,
2022-11-19,-1.6,7.2,,,
2022-11-20,-0.8,7.6,,,
2022-11-21,2.3,9.6,,,
2022-11-22,4.8,9.3,,,
2022-11-23,5.8,10.5,,,
2022-11-24,1.8,9.9,,,
2022-11-25,3.8,8.4,,,
2022-11-26,3.4,7.8,,,
2022-11-27,3.8,8.9,,,
2022-11-28,1.3,4.7,,,
2022-11-29,-1.4,3.3,,,
2022-11-30,1,5.2,,,
2022-12-01,-1.8,2,,,
2022-12-02,-1.6,4.8,,,
2022-12-03,1.5,5.7,,,
2022-12-04,0.4,3.5,,,
2022-12-05,-1.4,4.1,,,
2022-12-06,2.3,5.9,,,
2022-12-07,4.4,7.5,,,
2022-12-08,4.1,6.7,,,
2022-12-09,3.3,5.8,,,
2022-12-10,3.9,6.8,,,
2022-12-11,4.2,7.4,,,
2022-12-12,1.5,6.6,,,
2022-12-13,0.1,5.9,,,
2022-12-14,2.8,5.9,,,
2022-12-15,0.8,5.5,,,
2022-12-16,-1.6,5.9,,,
2022-12-17,-0.5,4.3,,,
2022-12-18,1.1,6.2,,,
2022-12-19,-0.4,2.3,,,
2022-12-20,0.1,4,,,
2022-12-21,-4.4,0.8,,,
2022-12-22,-6.5,-2.7,,,
2022-12-23,-4.3,4.3,,,
2022-12-24,2.3,9.9,,,
2022-12-25,7.1,9.9,,,
2022-12-26,6.4,12,,,
2022-12-27,6.9,10.2,,,
2022-12-28,4.8,8.4,,,
2022-12-29,3.8,7.1,,,
2022-12-30,5.7,9.3,,,
2022-12-31,4.2,9.1,,,
2023-01-01,2,7.7,,,
2023-01-02,0.5,7.1,,,
2023-01-03,1.2,8.2,,,
2023-01-04,2.7,9,,,
2023-01-05,5.3,11.9,,,
2023-01-06,5.1,10.4,,,
2023-01-07,4.8,8.3,,,
2023-01-08,4.1,8.8,,,
2023-01-09,4.4,11.6,,,
2023-01-10,3.1,11.1,,,
2023-01-11,4.7,12.1,,,
2023-01-12,7.2,9.8,,,
2023-01-13,7.9,10.6,,,
2023-01-14,3.8,13,,,
2023-01-15,6.7,8.9,,,
2023-01-16,5.1,8.9,,,
2023-01-17,4.6,8.5,,,
2023-01-18,3.3,7.7,,,
2023-01-19,1.2,6.2,,,
2023-01-20,1.1,7.3,,,
2023-01-21,-0.8,6.1,,,
2023-01-22,0.9,6.4,,,
2023-01-23,0.7,6.5,,,
2023-01-24,2.4,8.4,,,
2023-01-25,4.8,7.8,,,
2023-01-26,3.2,6.3,,,
2023-01-27,5.8,8,,,
2023-01-28,1.5,7.4,,,
2023-01-29,-2.5,3.5,,,
2023-01-30,-4,3.7,,,
2023-01-31,-1.3,5.4,,,
2023-02-01,0.5,7,,,
2023-02-02,0.9,9.2,,,
2023-02-03,1,8.8,,,
2023-02-04,6.6,9.2,,,
2023-02-05,4.3,8.3,,,
2023-02-06,5.5,8.7,,,
2023-02-07,5.4,9,,,
2023-02-08,3.3,9.1,,,
2023-02-09,3.7,12.9,,,
2023-02-10,4.9,11.1,,,
2023-02-11,1.6,8.1,,,
2023-02-12,1.1,8.8,,,
2023-02-13,2.9,8.1,,,
2023-02-14,0.2,6.1,,,
2023-02-15,-1.1,6.6,,,
2023-02-16,1.5,7,,,
2023-02-17,3.9,7.4,,,
2023-02-18,4.1,8.4,,,
2023-02-19,4.5,10.6,,,
2023-02-20,7.1,8.4,,,
2023-02-21,2.9,7.2,,,
2023-02-22,-0.7,3.5,,,
2023-02-23,-3.2,2.1,,,
2023-02-24,-5.2,3,,,
2023-02-25,-3.8,6.2,,,
2023-02-26,1.5,7.2,,,
2023-02-27,-0.3,6.2,,,
2023-02-28,-0.4,6.5,,,
2023-03-01,-1.5,8.6,,,
2023-03-02,1.9,7.1,,,
2023-03-03,2.3,6.2,,,
2023-03-04,1.6,7.1,,,
2023-03-05,-1.5,8.9,,,
2023-03-06,0.5,9.4,,,
2023-03-07,0.7,7.9,,,
2023-03-08,-0.7,8.1,,,
2023-03-09,0.1,9.6,,,
2023-03-10,3.3,9,,,
2023-03-11,1.9,10.2,,,
2023-03-12,-0.6,7.6,,,
2023-03-13,4.4,8.1,,,
2023-03-14,2.2,9.1,,,
2023-03-15,2.7,9.9,,,
2023-03-16,1.5,10.8,,,
2023-03-17,0.6,14.4,,,
2023-03-18,4.2,15.7,,,
2023-03-19,5.2,14.7,,,
2023-03-20,6.4,12.2,,,
2023-03-21,5.9,11.4,,,
2023-03-22,4.8,14.3,,,
2023-03-23,4.1,7.9,,,
2023-03-24,3.1,7.8,,,
2023-03-25,1.8,7.8,,,
2023-03-26,2.3,8.2,,,
2023-03-27,0.4,12.2,,,
2023-03-28,6.1,15.2,,,
2023-03-29,4.7,13.6,,,
2023-03-30,4.7,11.8,,,
2023-03-31,5.2,7.6,,,
2023-04-01,4.1,9.2,,,
2023-04-02,2.5,7.5,,,
2023-04-03,2.2,8,,,
2023-04-04,1.8,9.4,,,
2023-04-05,2.1,11.4,,,
2023-04-06,6.1,10.9,,,
2023-04-07,7.2,12.4,,,
2023-04-08,5.8,9.4,,,
2023-04-09,7.7,12.6,,,
2023-04-10,6.3,8.6,,,
2023-04-11,3.4,10.8,,,
2023-04-12,2.6,10.4,,,
2023-04-13,3.6,11,,,
2023-04-14,2.7,11.9,,,
2023-04-15,5.2,9.2,,,
2023-04-16,5.1,10.1,,,
2023-04-17,3.2,11.9,,,
2023-04-18,3.7,8.7,,,
2023-04-19,3,10.1,,,
2023-04-20,3.1,9.1,,,
2023-04-21,5.6,10.5,,,
2023-04-22,5.8,14.4,,,
2023-04-23,7.8,12.1,,,
2023-04-24,6.8,13.1,,,
2023-04-25,5.9,12.9,,,
2023-04-26,5.6,16.6,,,
2023-04-27,8,15.2,,,
2023-04-28,7,19.9,,,
2023-04-29,9.9,23.2,,,
2023-04-30,8.4,15.8,,,
2023-05-01,9.5,14.1,,,
2023-05-02,8.4,18.1,,,
2023-05-03,9.8,19.2,,,
2023-05-04,9,13.2,,,
2023-05-05,9,11,,,
2023-05-06,9.1,15.3,,,
2023-05-07,7.4,15.7,,,
2023-05-08,7.9,16.6,,,
2023-05-09,8.9,16.6,,,
2023-05-10,7.1,19,,,
2023-05-11,7.3,20.9,,,
2023-05-12,8.1,22.1,,,
2023-05-13,11.4,23.5,,,
2023-05-14,12.9,27.6,,,
2023-05-15,15.2,28.9,,,
2023-05-16,13.6,23.4,,,
2023-05-17,12.4,23.5,,,
2023-05-18,12.8,26.6,,,
2023-05-19,12.1,21.1,,,
2023-05-20,12.6,22.1,,,
2023-05-21,12.4,15.8,,,
2023-05-22,10.8,17.5,,,
2023-05-23,10,17.5,,,
2023-05-24,11.4,19.2,,,
2023-05-25,9.9,22.2,,,
2023-05-26,11.2,25.1,,,
2023-05-27,12.1,21.8,,,
2023-05-28,10.3,20.5,,,
2023-05-29,11.2,19.2,,,
2023-05-30,10.3,15.4,,,
2023-05-31,10.6,16.1,,,
2023-06-01,8.7,18.8,,,
2023-06-02,8.9,21.3,,,
2023-06-03,10,21.4,,,
2023-06-04,11.2,18.5,,,
2023-06-05,9.9,19.7,,,
2023-06-06,12.2,23.8,,,
2023-06-07,11.4,28.3,,,
2023-06-08,12.8,24.4,,,
2023-06-09,12.6,16.3,,,
2023-06-10,12.1,17.4,,,
2023-06-11,12.1,19.8,,,
2023-06-12,12.4,25.1,,,
2023-06-13,13.5,20.6,,,
2023-06-14,11.7,20.1,,,
2023-06-15,10.5,20.4,,,
2023-06-16,13.2,21.4,,,
2023-06-17,12.1,18.4,,,
2023-06-18,9.7,13.8,,,
2023-06-19,8.9,17.5,,,
2023-06-20,11.6,15.1,,,
2023-06-21,10,20.2,,,
2023-06-22,11,22.1,,,
2023-06-23,11.2,25.1,,,
2023-06-24,11.4,21.4,,,
2023-06-25,10.8,23.4,,,
2023-06-26,13.6,23.8,,,
2023-06-27,12.8,23.8,,,
2023-06-28,13.4,26,,,
2023-06-29,15.5,25.5,,,
2023-06-30,14.8,24.6,,,
2023-07-01,13.2,24.5,,,
2023-07-02,13.1,23.4,,,
2023-07-03,12.3,24.9,,,
2023-07-04,14.4,28.4,,,
2023-07-05,15.1,29.3,,,
2023-07-06,16.2,29.2,,,
2023-07-07,13.4,26.5,,,
2023-07-08,13.3,23.8,,,
2023-07-09,13.3,24.5,,,
2023-07-10,13.1,21.5,,,
2023-07-11,14,24,,,
2023-07-12,14.1,24,,,
2023-07-13,13.9,25.2,,,
2023-07-14,14.4,27.5,,,
2023-07-15,14.9,27.9,,,
2023-07-16,15.1,26.9,,,
2023-07-17,16.1,23.6,,,
2023-07-18,13.8,24.4,,,
2023-07-19,14.2,28,,,
2023-07-20,16.2,29.4,,,
2023-07-21,15,26,,,
2023-07-22,15.3,26.2,,,
2023-07-23,14.9,27.1,,,
2023-07-24,15.6,22.5,,,
2023-07-25,14.2,22.8,,,
2023-07-26,13.9,22.7,,,
2023-07-27,13,24.8,,,
2023-07-28,15,25.5,,,
2023-07-29,14.4,25.5,,,
2023-07-30,15.2,24.4,,,
2023-07-31,13.9,24.6,,,
2023-08-01,13.6,25.9,,,
2023-08-02,13.1,26.8,,,
2023-08-03,14.4,26.5,,,
2023-08-04,15.1,26.4,,,
2023-08-05,17.1,24,,,
2023-08-06,16.7,26.6,,,
2023-08-07,18.1,24.2,,,
2023-08-08,16.6,25.2,,,
2023-08-09,16.5,25.7,,,
2023-08-10,16.8,23.4,,,
2023-08-11,15.1,25.2,,,
2023-08-12,15.4,25.8,,,
2023-08-13,16.8,28.2,,,
2023-08-14,19.1,29.4,,,
2023-08-15,18.4,31.3,,,
2023-08-16,17.5,31.4,,,
2023-08-17,18.3,31.6,,,
2023-08-18,14.9,23.4,,,
2023-08-19,13.9,24,,,
2023-08-20,15.6,26,,,
2023-08-21,13.3,24.9,,,
2023-08-22,14.1,22.6,,,
2023-08-23,14.4,22.5,,,
2023-08-24,13.6,23.5,,,
2023-08-25,15.4,27.4,,,
2023-08-26,15.3,27.2,,,
2023-08-27,15.1,28.5,,,
2023-08-28,15.5,23.9,,,
2023-08-29,15.8,20.1,,,
2023-08-30,15.6,22.6,,,
2023-08-31,15.6,19.5,,,
2023-09-01,14.5,22.2,,,
2023-09-02,13.6,25.1,,,
2023-09-03,14.8,22.1,,,
2023-09-04,13.3,20.1,,,
2023-09-05,12.5,19.5,,,
2023-09-06,11.9,23.2,,,
2023-09-07,14.4,20,,,
2023-09-08,13.1,21.4,,,
2023-09-09,11.8,23.5,,,
2023-09-10,13.1,27.1,,,
2023-09-11,14.8,20.5,,,
2023-09-12,13.9,19.9,,,
2023-09-13,13.6,22,,,
2023-09-14,12.4,22.3,,,
2023-09-15,12.1,25.4,,,
2023-09-16,10.9,24,,,
2023-09-17,13.1,20.8,,,
2023-09-18,12.9,18.3,,,
2023-09-19,11.4,20.5,,,
2023-09-20,11.9,16.8,,,
2023-09-21,10.7,18.8,,,
2023-09-22,10.1,22.2,,,
2023-09-23,13.2,16.8,,,
2023-09-24,11.8,17.8,,,
2023-09-25,12.9,16.6,,,
2023-09-26,11.9,16.9,,,
2023-09-27,12.2,16.1,,,
2023-09-28,10.9,15,,,
2023-09-29,9,14.2,,,
2023-09-30,8.9,16,,,
2023-10-01,8.7,16.2,,,
2023-10-02,10.3,14.1,,,
2023-10-03,11.4,15.6,,,
2023-10-04,10.6,17,,,
2023-10-05,11.4,17.3,,,
2023-10-06,11.2,19.5,,,
2023-10-07,9,23.1,,,
2023-10-08,12.9,22.1,,,
2023-10-09,12.6,19.1,,,
2023-10-10,11.9,15.9,,,
2023-10-11,9.4,15.5,,,
2023-10-12,8.4,16.5,,,
2023-10-13,8.9,21.6,,,
2023-10-14,12.7,17,,,
2023-10-15,11.2,17,,,
2023-10-16,11.9,16.6,,,
2023-10-17,10.6,14.9,,,
2023-10-18,9.9,19.8,,,
2023-10-19,10.2,20.1,,,
2023-10-20,11.9,15.1,,,
2023-10-21,10.9,14,,,
2023-10-22,8.7,14.2,,,
2023-10-23,9.1,13.3,,,
2023-10-24,7.8,11.1,,,
2023-10-25,6,10.4,,,
2023-10-26,4.4,10.6,,,
2023-10-27,3.9,9.1,,,
2023-10-28,1.1,9.5,,,
2023-10-29,0.8,11,,,
2023-10-30,2.4,11.8,,,
2023-10-31,1.5,10.6,,,
2023-11-01,4.8,10.3,,,
2023-11-02,9.3,15.5,,,
2023-11-03,10.6,14.1,,,
2023-11-04,11.7,15.6,,,
2023-11-05,9.4,14.1,,,
2023-11-06,9.4,12.5,,,
2023-11-07,9.4,12.8,,,
2023-11-08,5.3,12.2,,,
2023-11-09,3.3,10.6,,,
2023-11-10,7.1,10.3,,,
2023-11-11,8.4,12.1,,,
2023-11-12,7.4,12.1,,,
2023-11-13,4.4,10.5,,,
2023-11-14,2.8,8.8,,,
2023-11-15,2.8,8.1,,,
2023-11-16,3,8.1,,,
2023-11-17,1.6,9.5,,,
2023-11-18,2.8,12.2,,,
2023-11-19,6.3,9.6,,,
2023-11-20,3.3,9.6,,,
2023-11-21,3.8,11.2,,,
2023-11-22,5.8,9.6,,,
2023-11-23,5.4,8,,,
2023-11-24,1.1,7.4,,,
2023-11-25,0.2,8.1,,,
2023-11-26,0.8,7.9,,,
2023-11-27,0.2,7.4,,,
2023-11-28,-1.4,5.7,,,
2023-11-29,-0.4,5.8,,,
2023-11-30,1.7,5.6,,,
2023-12-01,3.8,9.6,,,
2023-12-02,4.8,9.9,,,
2023-12-03,4.8,12,,,
2023-12-04,5.3,14.6,,,
2023-12-05,9.6,14.4,,,
2023-12-06,8.2,10.1,,,
2023-12-07,4.4,8.1,,,
2023-12-08,2,6.7,,,
2023-12-09,1.4,5.8,,,
2023-12-10,6.5,12.2,,,
2023-12-11,5.5,8.8,,,
2023-12-12,3,8.1,,,
2023-12-13,2.9,9.5,,,
2023-12-14,4.9,8.4,,,
2023-12-15,4.3,11.6,,,
2023-12-16,1.8,8.7,,,
2023-12-17,2,8.7,,,
2023-12-18,2.8,8.5,,,
2023-12-19,5.3,9.2,,,
2023-12-20,3.5,8.6,,,
2023-12-21,6.6,10.3,,,
2023-12-22,3.3,8.1,,,
2023-12-23,-0.4,5.7,,,
2023-12-24,-1.1,6.1,,,
2023-12-25,2.6,8.3,,,
2023-12-26,5.4,10.2,,,
2023-12-27,7.8,11.7,,,
2023-12-28,6.8,11.5,,,
2023-12-29,9.9,14.2,,,
2023-12-30,8.4,11.1,,,
2023-12-31,3.8,8,,,
2024-01-01,1.6,6.1,,,
2024-01-02,3.4,7.7,,,
2024-01-03,4.5,8.4,,,
2024-01-04,4.6,9.2,,,
2024-01-05,4.9,8.5,,,
2024-01-06,2.1,6.9,,,
2024-01-07,2,5.5,,,
2024-01-08,3,8.9,,,
2024-01-09,4.1,9.5,,,
2024-01-10,2.9,5.4,,,
2024-01-11,-1.5,5.4,,,
2024-01-12,-7.8,-1.8,,,
2024-01-13,-10.1,-3.5,,,
2024-01-14,-7.2,-0.2,,,
2024-01-15,-6.5,1.9,,,
2024-01-16,-4.6,3.5,,,
2024-01-17,0.3,4,,,
2024-01-18,0.3,2.5,,,
2024-01-19,1.1,7.2,,,
2024-01-20,0.6,8.5,,,
2024-01-21,5.1,8.1,,,
2024-01-22,5.7,9.5,,,
2024-01-23,4.2,11,,,
2024-01-24,3.3,10.1,,,
2024-01-25,5.2,10,,,
2024-01-26,5.1,10.3,,,
2024-01-27,7.3,12.5,,,
2024-01-28,9.9,15.1,,,
2024-01-29,9.1,17.1,,,
2024-01-30,9.1,13.5,,,
2024-01-31,10.1,14,,,
2024-02-01,6,13.4,,,
2024-02-02,3.7,11.8,,,
2024-02-03,2.5,9.2,,,
2024-02-04,5.2,8.4,,,
2024-02-05,5.7,6.7,,,
2024-02-06,3.5,7.7,,,
2024-02-07,2.7,8.3,,,
2024-02-08,2,7.6,,,
2024-02-09,2,8,,,
2024-02-10,0.9,8.6,,,
2024-02-11,4.5,10.1,,,
2024-02-12,5.4,9.4,,,
2024-02-13,2.5,8.3,,,
2024-02-14,0.3,9.1,,,
2024-02-15,0.4,5.7,,,
2024-02-16,-1.7,9.4,,,
2024-02-17,0.6,8.7,,,
2024-02-18,2.4,7.3,,,
2024-02-19,1.6,9.1,,,
2024-02-20,2.2,11.2,,,
2024-02-21,6.1,9.6,,,
2024-02-22,4.8,12.3,,,
2024-02-23,3.2,9.7,,,
2024-02-24,5.1,10.4,,,
2024-02-25,4.3,9.8,,,
2024-02-26,1.1,6.2,,,
2024-02-27,-1.5,6.8,,,
2024-02-28,6.8,9.7,,,
2024-02-29,3.3,8.4,,,
2024-03-01,2.1,6.3,,,
2024-03-02,1.9,6.4,,,
2024-03-03,1.5,6.2,,,
2024-03-04,0.6,7.6,,,
2024-03-05,-1.2,6.7,,,
2024-03-06,-1.2,6.2,,,
2024-03-07,-1.4,7.2,,,
2024-03-08,2.2,10.1,,,
2024-03-09,5.3,10.4,,,
2024-03-10,6.4,8.9,,,
2024-03-11,5.2,9.8,,,
2024-03-12,4.4,10.2,,,
2024-03-13,3.1,10.2,,,
2024-03-14,0.9,11.1,,,
2024-03-15,3.3,13.1,,,
2024-03-16,2.9,17.9,,,
2024-03-17,5.7,17.5,,,
2024-03-18,4.4,15.6,,,
2024-03-19,3.5,16.5,,,
2024-03-20,6.2,12,,,
2024-03-21,6.7,13.6,,,
2024-03-22,7.1,12.4,,,
2024-03-23,7.8,10.8,,,
2024-03-24,6.7,13.8,,,
2024-03-25,7.2,10.6,,,
2024-03-26,5.9,12.3,,,
2024-03-27,6.4,13.1,,,
2024-03-28,5.2,11.1,,,
2024-03-29,4.6,13.2,,,
2024-03-30,5.3,12.9,,,
2024-03-31,2.8,13.4,,,
2024-04-01,3.8,16,,,
2024-04-02,7.3,17,,,
2024-04-03,5.2,9.9,,,
2024-04-04,5.4,8.9,,,
2024-04-05,4.1,9.6,,,
2024-04-06,6,9.9,,,
2024-04-07,5.3,12.1,,,
2024-04-08,5.2,10.4,,,
2024-04-09,8.1,13,,,
2024-04-10,5.2,14.3,,,
2024-04-11,5.1,12.2,,,
2024-04-12,7.2,12.8,,,
2024-04-13,6.6,14.2,,,
2024-04-14,4.5,16.4,,,
2024-04-15,7.9,11,,,
2024-04-16,5.6,11.1,,,
2024-04-17,3.6,12.8,,,
2024-04-18,4.4,15.1,,,
2024-04-19,3.5,18.2,,,
2024-04-20,5.7,21.9,,,
2024-04-21,6,13.4,,,
2024-04-22,6.2,13.9,,,
2024-04-23,6.3,19,,,
2024-04-24,7.6,12.9,,,
2024-04-25,9.8,11.1,,,
2024-04-26,9.6,15.6,,,
2024-04-27,9.4,11,,,
2024-04-28,7.6,12.4,,,
2024-04-29,4.9,10.1,,,
2024-04-30,5.2,11.6,,,
2024-05-01,4.8,14.5,,,
2024-05-02,5.9,15.7,,,
2024-05-03,5.2,17.8,,,
2024-05-04,9.9,12.4,,,
2024-05-05,9,12.2,,,
2024-05-06,7.4,13.9,,,
2024-05-07,5.2,13.2,,,
2024-05-08,4.8,15.4,,,
2024-05-09,7.3,19,,,
2024-05-10,7.6,24.4,,,
2024-05-11,9.1,24.5,,,
2024-05-12,9.4,22.6,,,
2024-05-13,10.6,18.4,,,
2024-05-14,8.8,19.5,,,
2024-05-15,10.1,21.4,,,
2024-05-16,10.9,18.2,,,
2024-05-17,7.8,17.5,,,
2024-05-18,8.4,12.8,,,
2024-05-19,7,15.1,,,
2024-05-20,7.2,18,,,
2024-05-21,8.8,11.4,,,
2024-05-22,7.8,14.4,,,
2024-05-23,9.1,18.8,,,
2024-05-24,9.9,13.9,,,
2024-05-25,9.7,15.4,,,
2024-05-26,9.9,15.1,,,
2024-05-27,10.1,17.8,,,
2024-05-28,9.1,14.2,,,
2024-05-29,7.8,14.9,,,
2024-05-30,9.7,15.6,,,
2024-05-31,7.1,18.5,,,
2024-06-01,11.1,17.9,,,
2024-06-02,11.7,14.7,,,
2024-06-03,11.1,14.9,,,
2024-06-04,10.4,16.6,,,
2024-06-05,9.1,17.2,,,
2024-06-06,9.2,18.6,,,
2024-06-07,9.4,20.4,,,
2024-06-08,10.1,23.3,,,
2024-06-09,11.4,22.7,,,
2024-06-10,11.3,19.7,,,
2024-06-11,11.9,19.5,,,
2024-06-12,9.6,17.3,,,
2024-06-13,8.9,18.9,,,
2024-06-14,9.2,18.4,,,
2024-06-15,9.9,15.9,,,
2024-06-16,8.4,16,,,
2024-06-17,10.5,16,,,
2024-06-18,9.6,18,,,
2024-06-19,10.6,22.2,,,
2024-06-20,11.9,24.5,,,
2024-06-21,11.6,26.9,,,
2024-06-22,13.6,24.8,,,
2024-06-23,12.6,19.1,,,
2024-06-24,12.8,19.8,,,
2024-06-25,12,23.5,,,
2024-06-26,12.8,21.9,,,
2024-06-27,12.9,17.6,,,
2024-06-28,12.4,21.2,,,
2024-06-29,12.8,22.5,,,
2024-06-30,14.7,22.8,,,
2024-07-01,14.3,22.4,,,
2024-07-02,12.4,21.4,,,
2024-07-03,12.2,22.5,,,
2024-07-04,12.2,24.5,,,
2024-07-05,13.4,27.2,,,
2024-07-06,14.2,28.8,,,
2024-07-07,14.4,30.9,,,
2024-07-08,16.9,31.4,,,
2024-07-09,16.8,32.6,,,
2024-07-10,16.9,29.9,,,
2024-07-11,15.1,26.8,,,
2024-07-12,13.9,25.8,,,
2024-07-13,14.9,27.1,,,
2024-07-14,16.2,30.4,,,
2024-07-15,14.4,26.5,,,
2024-07-16,15.1,28.6,,,
2024-07-17,16.3,30.4,,,
2024-07-18,15.2,28.5,,,
2024-07-19,14.9,26.9,,,
2024-07-20,15,27.9,,,
2024-07-21,14.8,26,,,
2024-07-22,15.2,21.5,,,
2024-07-23,14.8,22.4,,,
2024-07-24,12.8,23.5,,,
2024-07-25,14.6,23.2,,,
2024-07-26,12.3,23.4,,,
2024-07-27,13.1,25.8,,,
2024-07-28,14.1,25.8,,,
2024-07-29,15.9,19.9,,,
2024-07-30,16.4,24.5,,,
2024-07-31,15.5,24.2,,,
2024-08-01,15.3,26.8,,,
2024-08-02,16.6,30.4,,,
2024-08-03,15.1,27,,,
2024-08-04,15.4,30.2,,,
2024-08-05,14.7,28.3,,,
2024-08-06,13.7,24.2,,,
2024-08-07,14.1,24.8,,,
2024-08-08,14.5,27.6,,,
2024-08-09,16.4,29.3,,,
2024-08-10,15.7,29,,,
2024-08-11,15.6,23.1,,,
2024-08-12,14.2,23.5,,,
2024-08-13,15.7,20.5,,,
2024-08-14,16,23.9,,,
2024-08-15,14.4,24.4,,,
2024-08-16,16,23.9,,,
2024-08-17,14.1,24.8,,,
2024-08-18,15.9,24.2,,,
2024-08-19,13.9,25.1,,,
2024-08-20,15.4,23.1,,,
2024-08-21,14.6,22,,,
2024-08-22,14.7,20.6,,,
2024-08-23,14,16.2,,,
2024-08-24,13.6,17.9,,,
2024-08-25,13.9,21.5,,,
2024-08-26,13,23.1,,,
2024-08-27,11.9,18.5,,,
2024-08-28,10.9,18.4,,,
2024-08-29,11.9,21.2,,,
2024-08-30,12.7,23.9,,,
2024-08-31,13.7,24.8,,,
2024-09-01,14.3,25.4,,,
2024-09-02,14.8,22.6,,,
2024-09-03,15.4,21.4,,,
2024-09-04,13.4,22.4,,,
2024-09-05,14.4,28,,,
2024-09-06,14.6,28.1,,,
2024-09-07,15.2,26.1,,,
2024-09-08,15.4,26.5,,,
2024-09-09,15.2,21.2,,,
2024-09-10,14.4,22.4,,,
2024-09-11,13.4,19.9,,,
2024-09-12,11.8,20.9,,,
2024-09-13,12.4,19,,,
2024-09-14,14.3,19.3,,,
2024-09-15,12.8,17.6,,,
2024-09-16,11.6,19.6,,,
2024-09-17,11.1,17,,,
2024-09-18,13.7,19.5,,,
2024-09-19,11.7,18,,,
2024-09-20,12.9,17.4,,,
2024-09-21,10.6,19.5,,,
2024-09-22,10.4,19.3,,,
2024-09-23,15.3,21.6,,,
2024-09-24,14.6,22.5,,,
2024-09-25,12.9,17.5,,,
2024-09-26,11.7,18.6,,,
2024-09-27,12.4,17.4,,,
2024-09-28,11.1,16,,,
2024-09-29,10.4,15.9,,,
2024-09-30,8.4,17.5,,,
2024-10-01,8.2,18,,,
2024-10-02,8.9,15.9,,,
2024-10-03,8.6,17.3,,,
2024-10-04,10,16.7,,,
2024-10-05,11,16.6,,,
2024-10-06,9.5,19.2,,,
2024-10-07,9.8,20.9,,,
2024-10-08,13.1,20,,,
2024-10-09,10.2,17.5,,,
2024-10-10,9.4,14.2,,,
2024-10-11,8.1,15.1,,,
2024-10-12,7.6,18.2,,,
2024-10-13,10.9,19.8,,,
2024-10-14,12.8,19.4,,,
2024-10-15,11.2,13.4,,,
2024-10-16,9.6,13.6,,,
2024-10-17,8.4,12.3,,,
2024-10-18,8.1,11.8,,,
2024-10-19,12.1,16.5,,,
2024-10-20,11.1,19.2,,,
2024-10-21,10.1,12.4,,,
2024-10-22,7.7,12.4,,,
2024-10-23,7.3,10.6,,,
2024-10-24,7,12.6,,,
2024-10-25,6.8,15.4,,,
2024-10-26,12.5,16.5,,,
2024-10-27,9.9,13.1,,,
2024-10-28,8.1,12.9,,,
2024-10-29,7.1,11.8,,,
2024-10-30,7.2,11.1,,,
2024-10-31,5.8,10.6,,,
2024-11-01,7.9,10.2,,,
2024-11-02,7.9,12.1,,,
2024-11-03,8,11.4,,,
2024-11-04,6.8,14.2,,,
2024-11-05,4.9,10.2,,,
2024-11-06,3.8,11.1,,,
2024-11-07,3.4,11.6,,,
2024-11-08,6.8,13.9,,,
2024-11-09,8.8,10.9,,,
2024-11-10,8.6,12.8,,,
2024-11-11,8.8,11.1,,,
2024-11-12,8.9,12,,,
2024-11-13,9.5,12.1,,,
2024-11-14,7.8,10.3,,,
2024-11-15,5.8,8.4,,,
2024-11-16,4.4,8.8,,,
2024-11-17,5.4,10.1,,,
2024-11-18,4.2,6.6,,,
2024-11-19,3.5,8.6,,,
2024-11-20,6.6,13.1,,,
2024-11-21,4.7,9.1,,,
2024-11-22,5.9,13.7,,,
2024-11-23,5.8,9.8,,,
2024-11-24,5.2,8.1,,,
2024-11-25,6.2,8.6,,,
2024-11-26,6.3,8.6,,,
2024-11-27,5.8,7.7,,,
2024-11-28,3.8,7.8,,,
2024-11-29,3.4,5.9,,,
2024-11-30,2.8,6.7,,,
2024-12-01,2.9,8.6,,,
2024-12-02,1.2,5.9,,,
2024-12-03,2.4,6.9,,,
2024-12-04,0.6,7,,,
2024-12-05,1.3,7.4,,,
2024-12-06,3.4,9,,,
2024-12-07,7.3,10.4,,,
2024-12-08,4.7,8.5,,,
2024-12-09,4.6,7.4,,,
2024-12-10,2.5,6.6,,,
2024-12-11,3,8.2,,,
2024-12-12,2.5,6.4,,,
2024-12-13,4,8.6,,,
2024-12-14,5.8,9.8,,,
2024-12-15,4.8,8.2,,,
2024-12-16,4,10.4,,,
2024-12-17,5.3,12.2,,,
2024-12-18,7.1,13.4,,,
2024-12-19,6.3,11.9,,,
2024-12-20,6.6,13.4,,,
2024-12-21,6.6,11.2,,,
2024-12-22,5.1,9.6,,,
2024-12-23,8.1,11.6,,,
2024-12-24,6.9,10.9,,,
2024-12-25,5.9,7.4,,,
2024-12-26,6.2,10.2,,,
2024-12-27,5.4,8.9,,,
2024-12-28,6.8,10.6,,,
2024-12-29,5.2,7.8,,,
2024-12-30,4.8,7.6,,,
2024-12-31,4.4,6.6,,,
2025-01-01,3.5,7.2,,,
2025-01-02,2.8,7.1,,,
2025-01-03,3.8,7.4,,,
2025-01-04,4.1,8.2,,,
2025-01-05,6.6,9.8,,,
2025-01-06,4,8.4,,,
2025-01-07,1.9,6.4,,,
2025-01-08,5.1,9.5,,,
2025-01-09,4.2,8.6,,,
2025-01-10,4.3,9.9,,,
2025-01-11,3.2,7.8,,,
2025-01-12,3.1,7.2,,,
2025-01-13,1.9,4.8,,,
2025-01-14,2,6.3,,,
2025-01-15,2,7.1,,,
2025-01-16,2.8,6.3,,,
2025-01-17,2.5,6.5,,,
2025-01-18,-0.2,5.9,,,
2025-01-19,-0.2,5.6,,,
2025-01-20,-0.8,4.4,,,
2025-01-21,-0.5,5.6,,,
2025-01-22,-0.3,4.9,,,
2025-01-23,-0.2,5.2,,,
2025-01-24,2,5.8,,,
2025-01-25,-0.6,5.8,,,
2025-01-26,-1.2,5.7,,,
2025-01-27,-0.8,6.2,,,
2025-01-28,-1.4,5.8,,,
2025-01-29,-1.9,6.8,,,
2025-01-30,0.2,5.2,,,
2025-01-31,4.3,9.7,,,
2025-02-01,2.4,5.2,,,
2025-02-02,1.1,3,,,
2025-02-03,0.4,4,,,
2025-02-04,-0.4,5.1,,,
2025-02-05,-0.6,3.4,,,
2025-02-06,-0.8,2.9,,,
2025-02-07,-1.7,4.2,,,
2025-02-08,0.6,3.7,,,
2025-02-09,1,5.3,,,
2025-02-10,-0.8,4.1,,,
2025-02-11,-4.3,1.5,,,
2025-02-12,-4.2,4.2,,,
2025-02-13,-2.7,3.5,,,
2025-02-14,0.9,6,,,
2025-02-15,2.5,6,,,
2025-02-16,3.7,9.2,,,
2025-02-17,5.2,8.8,,,
2025-02-18,6.4,11.4,,,
2025-02-19,6.2,10.6,,,
2025-02-20,6.1,10.4,,,
2025-02-21,4.7,9.7,,,
2025-02-22,7.8,12.1,,,
2025-02-23,8.4,12.6,,,
2025-02-24,5.8,10.3,,,
2025-02-25,6.8,11.4,,,
2025-02-26,2.6,13.4,,,
2025-02-27,5.3,16.5,,,
2025-02-28,3.4,13.3,,,
2025-03-01,3.2,15.7,,,
2025-03-02,6.9,10.5,,,
2025-03-03,7.4,11.8,,,
2025-03-04,6.7,9.6,,,
2025-03-05,4.2,10.9,,,
2025-03-06,5.3,10.6,,,
2025-03-07,2.8,11,,,
2025-03-08,6.1,12.4,,,
2025-03-09,4.3,11.8,,,
2025-03-10,4.4,8.9,,,
2025-03-11,5.1,8.7,,,
2025-03-12,6.3,9.6,,,
2025-03-13,4.2,8.6,,,
2025-03-14,2.5,11.6,,,
2025-03-15,5.6,9.2,,,
2025-03-16,4.2,10.7,,,
2025-03-17,3.6,7.9,,,
2025-03-18,1.9,9.9,,,
2025-03-19,5.4,12,,,
2025-03-20,5.7,8.6,,,
2025-03-21,6.2,11.3,,,
2025-03-22,4.6,11.3,,,
2025-03-23,7.3,12.2,,,
2025-03-24,10.6,15.2,,,
2025-03-25,8.6,18,,,
2025-03-26,9.6,20.6,,,
2025-03-27,8.9,15.9,,,
2025-03-28,7.5,10.9,,,
2025-03-29,7,12.7,,,
2025-03-30,5.4,17.6,,,
2025-03-31,7.2,11.1,,,
2025-04-01,5.8,11.6,,,
2025-04-02,5.8,10.9,,,
2025-04-03,5.2,12.6,,,
2025-04-04,4.8,15.9,,,
2025-04-05,6.1,19.3,,,
2025-04-06,9.7,11.8,,,
2025-04-07,8.4,12.8,,,
2025-04-08,8.1,12.1,,,
2025-04-09,6.8,14.1,,,
2025-04-10,7.8,18.1,,,
2025-04-11,6.4,11.5,,,
2025-04-12,6.4,11.5,,,
2025-04-13,5.6,13.9,,,
2025-04-14,7,16,,,
2025-04-15,8.2,15.4,,,
2025-04-16,7.6,15.1,,,
2025-04-17,6.8,16.2,,,
2025-04-18,6.5,20.2,,,
2025-04-19,10.1,14.4,,,
2025-04-20,7.8,12.7,,,
2025-04-21,6.6,13.4,,,
2025-04-22,6.1,13.6,,,
2025-04-23,6,16.1,,,
2025-04-24,7.1,19.4,,,
2025-04-25,9.1,19.3,,,
2025-04-26,8.6,17.8,,,
2025-04-27,8.5,16.2,,,
2025-04-28,9,14.7,,,
2025-04-29,9.6,13.6,,,
2025-04-30,7.9,15.4,,,
2025-05-01,7.6,21,,,
2025-05-02,10.1,21.5,,,
2025-05-03,9.4,13.9,,,
2025-05-04,7.2,14.9,,,
2025-05-05,7.9,18.1,,,
2025-05-06,8.9,24.2,,,
2025-05-07,10.4,17.4,,,
2025-05-08,7.7,15.4,,,
2025-05-09,7.8,19.5,,,
2025-05-10,10.4,17,,,
2025-05-11,11.1,16,,,
2025-05-12,9.4,17.8,,,
2025-05-13,9.3,18,,,
2025-05-14,10.2,16.5,,,
2025-05-15,8.6,13.4,,,
2025-05-16,9.6,14.5,,,
2025-05-17,10.3,14.1,,,
2025-05-18,8,15.9,,,
2025-05-19,9.6,14.8,,,
2025-05-20,9.3,15.6,,,
2025-05-21,9.1,15.6,,,
2025-05-22,9.4,17.8,,,
2025-05-23,9.4,17.7,,,
2025-05-24,9.2,21.9,,,
2025-05-25,10.8,21.2,,,
2025-05-26,12.3,19.9,,,
2025-05-27,10.2,21.2,,,
2025-05-28,12.4,27.8,,,
2025-05-29,12.6,18.8,,,
2025-05-30,10.2,23.5,,,
2025-05-31,11.5,15.9,,,
2025-06-01,10.4,17.6,,,
2025-06-02,10,19.8,,,
2025-06-03,11,23,,,
2025-06-04,13.4,21.4,,,
2025-06-05,13.3,23,,,
2025-06-06,13.9,25.4,,,
2025-06-07,14.2,24.6,,,
2025-06-08,16.4,29.4,,,
2025-06-09,17,28.2,,,
2025-06-10,14.9,26.8,,,
2025-06-11,12.1,23.5,,,
2025-06-12,11.5,21.5,,,
2025-06-13,10.9,18.6,,,
2025-06-14,11.2,20.1,,,
2025-06-15,10.8,21.1,,,
2025-06-16,10.9,24.5,,,
2025-06-17,11.9,24,,,
2025-06-18,14.3,20.9,,,
2025-06-19,11.9,20,,,
2025-06-20,11.9,17.4,,,
2025-06-21,11.5,16.4,,,
2025-06-22,12.7,20.4,,,
2025-06-23,12.8,23.5,,,
2025-06-24,13.1,25.1,,,
2025-06-25,13.6,21.5,,,
2025-06-26,13.2,19,,,
2025-06-27,12.9,19.9,,,
2025-06-28,12.9,22.5,,,
2025-06-29,13.2,24.1,,,
2025-06-30,15.9,27.2,,,
2025-07-01,15.1,26.7,,,
2025-07-02,14.6,25.5,,,
2025-07-03,13.4,21.9,,,
2025-07-04,12.6,24.2,,,
2025-07-05,13.4,24.6,,,
2025-07-06,12.9,25,,,
2025-07-07,14.4,27.1,,,
2025-07-08,16,29.4,,,
2025-07-09,15.9,21.9,,,
2025-07-10,14.6,22.2,,,
2025-07-11,14.4,27.4,,,
2025-07-12,16,26.6,,,
2025-07-13,16.5,29.6,,,
2025-07-14,16.2,24.5,,,
2025-07-15,16,29.1,,,
2025-07-16,17.7,33.2,,,
2025-07-17,15.2,28.3,,,
2025-07-18,15.4,24.8,,,
2025-07-19,14.4,21.1,,,
2025-07-20,13.1,22.9,,,
2025-07-21,13.8,26.4,,,
2025-07-22,14.1,26,,,
2025-07-23,14.7,27.5,,,
2025-07-24,14,25.9,,,
2025-07-25,14.1,22,,,
2025-07-26,14.1,23.6,,,
2025-07-27,13.5,25.1,,,
2025-07-28,13.4,26.4,,,
2025-07-29,14.6,27.6,,,
2025-07-30,15,27.4,,,
2025-07-31,16.5,27.8,,,
2025-08-01,15.4,27.1,,,
2025-08-02,15.9,25.6,,,
2025-08-03,14.9,23.5,,,
2025-08-04,14.6,23.9,,,
2025-08-05,15.3,26,,,
2025-08-06,16.5,21.9,,,
2025-08-07,14.9,20.4,,,
2025-08-08,13.5,22.3,,,
2025-08-09,13.8,24.5,,,
2025-08-10,16,28.2,,,
2025-08-11,19.9,28.6,,,
2025-08-12,18.8,31.5,,,
2025-08-13,17.2,28.6,,,
2025-08-14,16.6,25.1,,,
2025-08-15,16.6,20,,,
2025-08-16,15.4,22.4,,,
2025-08-17,14.8,22.1,,,
2025-08-18,15.4,23.5,,,
2025-08-19,15.1,21.9,,,
2025-08-20,14.8,21.5,,,
2025-08-21,12.8,22.6,,,
2025-08-22,15.1,27.1,,,
2025-08-23,16,28.5,,,
2025-08-24,15.9,30,,,
2025-08-25,17.2,29.9,,,
2025-08-26,17,29.3,,,
2025-08-27,17.2,26.8,,,
2025-08-28,17.5,26.5,,,
2025-08-29,16.4,25.5,,,
2025-08-30,14.8,22.8,,,
2025-08-31,14.4,22.9,,,
2025-09-01,14.4,22.8,,,
2025-09-02,15.1,23,,,
2025-09-03,14.9,24,,,
2025-09-04,14.9,24.6,,,
2025-09-05,14.6,24.5,,,
2025-09-06,15.3,21.6,,,
2025-09-07,15.4,21.9,,,
2025-09-08,15,21.5,,,
2025-09-09,14.4,22.5,,,
2025-09-10,13.7,21.9,,,
2025-09-11,13.9,22.2,,,
2025-09-12,14.6,21.2,,,
2025-09-13,13.9,24.8,,,
2025-09-14,15.2,20.2,,,
2025-09-15,12.4,19.5,,,
2025-09-16,12.6,30.9,,,
2025-09-17,15.6,24.6,,,
2025-09-18,13.6,20.5,,,
2025-09-19,11.8,22.1,,,
2025-09-20,12,24.5,,,
2025-09-21,14.4,19,,,
2025-09-22,12.2,19.6,,,
2025-09-23,11.9,20.2,,,
2025-09-24,12.4,19.6,,,
2025-09-25,10.8,16.8,,,
2025-09-26,11.3,20.4,,,
2025-09-27,13.9,21.8,,,
2025-09-28,12.1,22.4,,,
2025-09-29,14.2,17.3,,,
2025-09-30,13.2,20.4,,,
2025-10-01,12.7,17.2,,,
2025-10-02,12.4,19.5,,,
2025-10-03,10.7,16.5,,,
2025-10-04,12.6,16.2,,,
2025-10-05,11.2,15.9,,,
2025-10-06,9.9,17.9,,,
2025-10-07,9.9,21.1,,,
2025-10-08,10.7,15.5,,,
2025-10-09,10.8,15.3,,,
2025-10-10,10.8,15.9,,,
2025-10-11,10.6,13.8,,,
2025-10-12,8.5,12.8,,,
2025-10-13,8.3,13.1,,,
2025-10-14,6.8,12.9,,,
2025-10-15,4.7,13.5,,,
2025-10-16,6.2,13.9,,,
2025-10-17,10.4,14.8,,,
2025-10-18,8.6,11.8,,,
2025-10-19,10.1,15.2,,,
2025-10-20,8.9,14.6,,,
2025-10-21,7.7,13.9,,,
2025-10-22,6.8,15.9,,,
2025-10-23,11.6,16.4,,,
2025-10-24,9.2,14.9,,,
2025-10-25,8.4,12.9,,,
2025-10-26,6.6,9.2,,,
2025-10-27,6,11.9,,,
2025-10-28,5.1,12.5,,,
2025-10-29,9.3,14.2,,,
2025-10-30,6.3,10.8,,,
2025-10-31,7.3,12.1,,,
2025-11-01,9.8,15.9,,,
2025-11-02,8.1,12.9,,,
2025-11-03,7.4,9.6,,,
2025-11-04,5.4,12.8,,,
2025-11-05,11.4,14.2,,,
2025-11-06,10.2,14.1,,,
2025-11-07,8.5,13.1,,,
2025-11-08,5.6,13.2,,,
2025-11-09,7.4,14.9,,,
2025-11-10,9.9,15.1,,,
2025-11-11,7.2,11.9,,,
2025-11-12,7.4,12.6,,,
2025-11-13,11,14.2,,,
2025-11-14,8.8,11.4,,,
2025-11-15,11.4,12.9,,,
2025-11-16,10.2,12.2,,,
2025-11-17,7.7,12.1,,,
2025-11-18,6.1,9.5,,,
2025-11-19,4,10.8,,,
2025-11-20,7.7,11.8,,,
2025-11-21,6.2,10.8,,,
2025-11-22,9.2,11.1,,,
2025-11-23,8.1,10.8,,,
2025-11-24,4.6,8.6,,,
2025-11-25,5.4,7.2,,,
2025-11-26,6.8,9.2,,,
2025-11-27,8.1,10.8,,,
2025-11-28,6.3,10.2,,,
2025-11-29,4.8,8.1,,,
2025-11-30,1.9,7.1,,,
2025-12-01,2.8,7.4,,,
2025-12-02,4.9,8.9,,,
2025-12-03,4.7,7.5,,,
2025-12-04,5.9,7.9,,,
2025-12-05,7.7,12.9,,,
2025-12-06,9.1,11.4,,,
2025-12-07,8.9,12.7,,,
2025-12-08,9.8,13.3,,,
2025-12-09,8.9,10.9,,,
2025-12-10,11.1,14.1,,,
2025-12-11,8.1,13.5,,,
2025-12-12,7.9,12.4,,,
2025-12-13,8.4,12.6,,,
2025-12-14,8.9,12.4,,,
2025-12-15,9.6,14.5,,,
2025-12-16,8.9,12.8,,,
2025-12-17,6.5,12.1,,,
2025-12-18,6.7,11.1,,,
2025-12-19,4.8,7.7,,,
2025-12-20,5.1,7.9,,,
2025-12-21,6.8,9.6,,,
2025-12-22,5.2,10.1,,,
2025-12-23,3.8,6.8,,,
2025-12-24,5.3,9.1,,,
2025-12-25,4.7,6.7,,,
2025-12-26,3,7.3,,,
2025-12-27,1.3,5.6,,,
2025-12-28,-0.2,5.2,,,
2025-12-29,1.5,5.6,,,
2025-12-30,1.4,6.7,,,
2025-12-31,1,5.7,,,
2026-01-01,1.5,4.6,,,
2026-01-02,4.3,6.9,,,
2026-01-03,5.7,12.7,,,
2026-01-04,5.3,9.2,,,
2026-01-05,4.4,6.9,,,
2026-01-06,4.9,7.2,,,
2026-01-07,3.9,5.5,,,
2026-01-08,2.5,6.9,,,
2026-01-09,5.9,10.6,,,
2026-01-10,4.1,9.4,,,
2026-01-11,6.5,9.4,,,
2026-01-12,9.2,11.6,,,
2026-01-13,10.5,13.1,,,
2026-01-14,8.6,10.6,,,
2026-01-15,7.1,9.1,,,
2026-01-16,5,9.9,,,
2026-01-17,2.6,9.4,,,
2026-01-18,1.6,9.1,,,
2026-01-19,1.2,8.2,,,
2026-01-20,1.5,7.8,,,
2026-01-21,0.4,7,,,
2026-01-22,0.2,4.9,,,
2026-01-23,0.6,6.8,,,
2026-01-24,-0.9,5.3,,,
2026-01-25,-1.5,5.1,,,
2026-01-26,-0.5,7.6,,,
2026-01-27,2,9.9,,,
2026-01-28,5.7,9.1,,,
2026-01-29,7.8,10.6,,,
2026-01-30,7.2,11.9,,,
2026-01-31,7.6,13.5,,,
2026-02-01,7.7,12.1,,,
2026-02-02,6.3,11.3,,,
2026-02-03,6.8,11.4,,,
2026-02-04,7.4,13.7,,,
2026-02-05,5,12.1,,,
2026-02-06,3.2,14.1,,,
2026-02-07,7.4,10.9,,,
2026-02-08,5.8,9.4,,,
2026-02-09,5.8,10.4,,,
2026-02-10,3.7,11.3,,,
2026-02-11,4,9.2,,,
2026-02-12,2.5,10.9,,,
2026-02-13,5.9,8.2,,,
2026-02-14,4.1,8.9,,,
2026-02-15,3.8,7.6,,,
2026-02-16,2.5,6.8,,,
2026-02-17,0.7,7.2,,,
2026-02-18,0.9,5.7,,,
2026-02-19,1.8,4.2,,,
2026-02-20,-0.1,4.9,,,
2026-02-21,3.9,8,,,
2026-02-22,6.7,11.2,,,
2026-02-23,5.6,8.9,,,
2026-02-24,4.2,8.4,,,
2026-02-25,1.9,11.1,,,
2026-02-26,5.8,10.9,,,
2026-02-27,6.5,11.4,,,
2026-02-28,5.6,9.7,,,
2026-03-01,3.3,10.4,,,
2026-03-02,1.6,13.4,,,
2026-03-03,7.3,11.8,,,
2026-03-04,7,11.9,,,
2026-03-05,5.9,10.6,,,
2026-03-06,7.4,10.6,,,
2026-03-07,9.6,12.9,,,
2026-03-08,5.5,10.9,,,
2026-03-09,2.4,8,,,
2026-03-10,2.2,8.6,,,
2026-03-11,5.1,11.3,,,
2026-03-12,3.6,10.1,,,
2026-03-13,1.9,3.3,,,
2026-03-14,2.8,7.6,,,
2026-03-15,2.5,7.7,,,
2026-03-16,6.4,12.9,,,
2026-03-17,9.4,12.4,,,
2026-03-18,10.2,14.6,,,
2026-03-19,10.1,12.6,,,
2026-03-20,7.8,14.4,,,
2026-03-21,5.9,9.1,,,
2026-03-22,3.3,9.4,,,
2026-03-23,4.6,9.3,,,
2026-03-24,6.6,12.8,,,
2026-03-25,3.9,9.9,,,
2026-03-26,3.2,11.1,,,
2026-03-27,3.1,12.6,,,
2026-03-28,5.8,12.8,,,
2026-03-29,4.2,7.7,,,
2026-03-30,1.8,9.1,,,
2026-03-31,3.3,12.4,,,
2026-04-01,6.8,9.4,,,
2026-04-02,5.6,13.2,,,
2026-04-03,6.7,13.6,,,
2026-04-04,6.1,14.8,,,
2026-04-05,7.8,15.6,,,
2026-04-06,6.6,19,,,
2026-04-07,7.6,11.9,,,
2026-04-08,4.2,13.8,,,
2026-04-09,6,15.4,,,
2026-04-10,6.3,18.5,,,
2026-04-11,9.2,13.2,,,
2026-04-12,8.7,14.9,,,
2026-04-13,8.3,12.1,,,
2026-04-14,7.5,9,,,
2026-04-15,4.6,8.9,,,
2026-04-16,3,12.4,,,
2026-04-17,5.1,12.4,,,
2026-04-18,6.1,18,,,
2026-04-19,7.9,18.8,,,
2026-04-20,10.6,18.9,,,
2026-04-21,10.4,16.1,,,
2026-04-22,9.6,14.1,,,
2026-04-23,8.4,14.2,,,
2026-04-24,6.8,15.8,,,
2026-04-25,5.5,16.6,,,
2026-04-26,6,18.5,,,
2026-04-27,8.4,14.6,,,
2026-04-28,9.2,14,,,
2026-04-29,8.2,16.6,,,
2026-04-30,8.6,21.4,,,
2026-05-01,9.9,20.7,,,